<application>
  <component name="ProjectJdkTable">
    <jdk version="2">
      <name value="11" />
      <type value="JavaSDK" />
      <version value="java version &quot;11&quot;" />
      <homePath value="/usr/lib/jvm/openjdk-11-manual-installation" />
      <roots>
        <annotationsPath>
          <root type="composite">
            <root url="jar://$APPLICATION_HOME_DIR$/plugins/java/lib/jdkAnnotations.jar!/" type="simple" />
          </root>
        </annotationsPath>
        <classPath>
          <root type="composite">
            <root url="jrt:///usr/lib/jvm/openjdk-11-manual-installation!/java.base" type="simple" />
            <root url="jrt:///usr/lib/jvm/openjdk-11-manual-installation!/java.compiler" type="simple" />
            <root url="jrt:///usr/lib/jvm/openjdk-11-manual-installation!/java.datatransfer" type="simple" />
            <root url="jrt:///usr/lib/jvm/openjdk-11-manual-installation!/java.desktop" type="simple" />
            <root url="jrt:///usr/lib/jvm/openjdk-11-manual-installation!/java.instrument" type="simple" />
            <root url="jrt:///usr/lib/jvm/openjdk-11-manual-installation!/java.logging" type="simple" />
            <root url="jrt:///usr/lib/jvm/openjdk-11-manual-installation!/java.management" type="simple" />
            <root url="jrt:///usr/lib/jvm/openjdk-11-manual-installation!/java.management.rmi" type="simple" />
            <root url="jrt:///usr/lib/jvm/openjdk-11-manual-installation!/java.naming" type="simple" />
            <root url="jrt:///usr/lib/jvm/openjdk-11-manual-installation!/java.net.http" type="simple" />
            <root url="jrt:///usr/lib/jvm/openjdk-11-manual-installation!/java.prefs" type="simple" />
            <root url="jrt:///usr/lib/jvm/openjdk-11-manual-installation!/java.rmi" type="simple" />
            <root url="jrt:///usr/lib/jvm/openjdk-11-manual-installation!/java.scripting" type="simple" />
            <root url="jrt:///usr/lib/jvm/openjdk-11-manual-installation!/java.se" type="simple" />
            <root url="jrt:///usr/lib/jvm/openjdk-11-manual-installation!/java.security.jgss" type="simple" />
            <root url="jrt:///usr/lib/jvm/openjdk-11-manual-installation!/java.security.sasl" type="simple" />
            <root url="jrt:///usr/lib/jvm/openjdk-11-manual-installation!/java.smartcardio" type="simple" />
            <root url="jrt:///usr/lib/jvm/openjdk-11-manual-installation!/java.sql" type="simple" />
            <root url="jrt:///usr/lib/jvm/openjdk-11-manual-installation!/java.sql.rowset" type="simple" />
            <root url="jrt:///usr/lib/jvm/openjdk-11-manual-installation!/java.transaction.xa" type="simple" />
            <root url="jrt:///usr/lib/jvm/openjdk-11-manual-installation!/java.xml" type="simple" />
            <root url="jrt:///usr/lib/jvm/openjdk-11-manual-installation!/java.xml.crypto" type="simple" />
            <root url="jrt:///usr/lib/jvm/openjdk-11-manual-installation!/jdk.accessibility" type="simple" />
            <root url="jrt:///usr/lib/jvm/openjdk-11-manual-installation!/jdk.aot" type="simple" />
            <root url="jrt:///usr/lib/jvm/openjdk-11-manual-installation!/jdk.attach" type="simple" />
            <root url="jrt:///usr/lib/jvm/openjdk-11-manual-installation!/jdk.charsets" type="simple" />
            <root url="jrt:///usr/lib/jvm/openjdk-11-manual-installation!/jdk.compiler" type="simple" />
            <root url="jrt:///usr/lib/jvm/openjdk-11-manual-installation!/jdk.crypto.cryptoki" type="simple" />
            <root url="jrt:///usr/lib/jvm/openjdk-11-manual-installation!/jdk.crypto.ec" type="simple" />
            <root url="jrt:///usr/lib/jvm/openjdk-11-manual-installation!/jdk.dynalink" type="simple" />
            <root url="jrt:///usr/lib/jvm/openjdk-11-manual-installation!/jdk.editpad" type="simple" />
            <root url="jrt:///usr/lib/jvm/openjdk-11-manual-installation!/jdk.hotspot.agent" type="simple" />
            <root url="jrt:///usr/lib/jvm/openjdk-11-manual-installation!/jdk.httpserver" type="simple" />
            <root url="jrt:///usr/lib/jvm/openjdk-11-manual-installation!/jdk.internal.ed" type="simple" />
            <root url="jrt:///usr/lib/jvm/openjdk-11-manual-installation!/jdk.internal.jvmstat" type="simple" />
            <root url="jrt:///usr/lib/jvm/openjdk-11-manual-installation!/jdk.internal.le" type="simple" />
            <root url="jrt:///usr/lib/jvm/openjdk-11-manual-installation!/jdk.internal.opt" type="simple" />
            <root url="jrt:///usr/lib/jvm/openjdk-11-manual-installation!/jdk.internal.vm.ci" type="simple" />
            <root url="jrt:///usr/lib/jvm/openjdk-11-manual-installation!/jdk.internal.vm.compiler" type="simple" />
            <root url="jrt:///usr/lib/jvm/openjdk-11-manual-installation!/jdk.internal.vm.compiler.management" type="simple" />
            <root url="jrt:///usr/lib/jvm/openjdk-11-manual-installation!/jdk.jartool" type="simple" />
            <root url="jrt:///usr/lib/jvm/openjdk-11-manual-installation!/jdk.javadoc" type="simple" />
            <root url="jrt:///usr/lib/jvm/openjdk-11-manual-installation!/jdk.jcmd" type="simple" />
            <root url="jrt:///usr/lib/jvm/openjdk-11-manual-installation!/jdk.jconsole" type="simple" />
            <root url="jrt:///usr/lib/jvm/openjdk-11-manual-installation!/jdk.jdeps" type="simple" />
            <root url="jrt:///usr/lib/jvm/openjdk-11-manual-installation!/jdk.jdi" type="simple" />
            <root url="jrt:///usr/lib/jvm/openjdk-11-manual-installation!/jdk.jdwp.agent" type="simple" />
            <root url="jrt:///usr/lib/jvm/openjdk-11-manual-installation!/jdk.jfr" type="simple" />
            <root url="jrt:///usr/lib/jvm/openjdk-11-manual-installation!/jdk.jlink" type="simple" />
            <root url="jrt:///usr/lib/jvm/openjdk-11-manual-installation!/jdk.jshell" type="simple" />
            <root url="jrt:///usr/lib/jvm/openjdk-11-manual-installation!/jdk.jsobject" type="simple" />
            <root url="jrt:///usr/lib/jvm/openjdk-11-manual-installation!/jdk.jstatd" type="simple" />
            <root url="jrt:///usr/lib/jvm/openjdk-11-manual-installation!/jdk.localedata" type="simple" />
            <root url="jrt:///usr/lib/jvm/openjdk-11-manual-installation!/jdk.management" type="simple" />
            <root url="jrt:///usr/lib/jvm/openjdk-11-manual-installation!/jdk.management.agent" type="simple" />
            <root url="jrt:///usr/lib/jvm/openjdk-11-manual-installation!/jdk.management.jfr" type="simple" />
            <root url="jrt:///usr/lib/jvm/openjdk-11-manual-installation!/jdk.naming.dns" type="simple" />
            <root url="jrt:///usr/lib/jvm/openjdk-11-manual-installation!/jdk.naming.rmi" type="simple" />
            <root url="jrt:///usr/lib/jvm/openjdk-11-manual-installation!/jdk.net" type="simple" />
            <root url="jrt:///usr/lib/jvm/openjdk-11-manual-installation!/jdk.pack" type="simple" />
            <root url="jrt:///usr/lib/jvm/openjdk-11-manual-installation!/jdk.rmic" type="simple" />
            <root url="jrt:///usr/lib/jvm/openjdk-11-manual-installation!/jdk.scripting.nashorn" type="simple" />
            <root url="jrt:///usr/lib/jvm/openjdk-11-manual-installation!/jdk.scripting.nashorn.shell" type="simple" />
            <root url="jrt:///usr/lib/jvm/openjdk-11-manual-installation!/jdk.sctp" type="simple" />
            <root url="jrt:///usr/lib/jvm/openjdk-11-manual-installation!/jdk.security.auth" type="simple" />
            <root url="jrt:///usr/lib/jvm/openjdk-11-manual-installation!/jdk.security.jgss" type="simple" />
            <root url="jrt:///usr/lib/jvm/openjdk-11-manual-installation!/jdk.unsupported" type="simple" />
            <root url="jrt:///usr/lib/jvm/openjdk-11-manual-installation!/jdk.unsupported.desktop" type="simple" />
            <root url="jrt:///usr/lib/jvm/openjdk-11-manual-installation!/jdk.xml.dom" type="simple" />
            <root url="jrt:///usr/lib/jvm/openjdk-11-manual-installation!/jdk.zipfs" type="simple" />
          </root>
        </classPath>
        <javadocPath>
          <root type="composite" />
        </javadocPath>
        <sourcePath>
          <root type="composite">
            <root url="jar:///usr/lib/jvm/openjdk-11-manual-installation/lib/src.zip!/java.se" type="simple" />
            <root url="jar:///usr/lib/jvm/openjdk-11-manual-installation/lib/src.zip!/jdk.aot" type="simple" />
            <root url="jar:///usr/lib/jvm/openjdk-11-manual-installation/lib/src.zip!/jdk.jdi" type="simple" />
            <root url="jar:///usr/lib/jvm/openjdk-11-manual-installation/lib/src.zip!/jdk.jfr" type="simple" />
            <root url="jar:///usr/lib/jvm/openjdk-11-manual-installation/lib/src.zip!/jdk.net" type="simple" />
            <root url="jar:///usr/lib/jvm/openjdk-11-manual-installation/lib/src.zip!/java.rmi" type="simple" />
            <root url="jar:///usr/lib/jvm/openjdk-11-manual-installation/lib/src.zip!/java.sql" type="simple" />
            <root url="jar:///usr/lib/jvm/openjdk-11-manual-installation/lib/src.zip!/java.xml" type="simple" />
            <root url="jar:///usr/lib/jvm/openjdk-11-manual-installation/lib/src.zip!/jdk.jcmd" type="simple" />
            <root url="jar:///usr/lib/jvm/openjdk-11-manual-installation/lib/src.zip!/jdk.pack" type="simple" />
            <root url="jar:///usr/lib/jvm/openjdk-11-manual-installation/lib/src.zip!/jdk.rmic" type="simple" />
            <root url="jar:///usr/lib/jvm/openjdk-11-manual-installation/lib/src.zip!/jdk.sctp" type="simple" />
            <root url="jar:///usr/lib/jvm/openjdk-11-manual-installation/lib/src.zip!/java.base" type="simple" />
            <root url="jar:///usr/lib/jvm/openjdk-11-manual-installation/lib/src.zip!/jdk.jdeps" type="simple" />
            <root url="jar:///usr/lib/jvm/openjdk-11-manual-installation/lib/src.zip!/jdk.jlink" type="simple" />
            <root url="jar:///usr/lib/jvm/openjdk-11-manual-installation/lib/src.zip!/jdk.zipfs" type="simple" />
            <root url="jar:///usr/lib/jvm/openjdk-11-manual-installation/lib/src.zip!/java.prefs" type="simple" />
            <root url="jar:///usr/lib/jvm/openjdk-11-manual-installation/lib/src.zip!/jdk.attach" type="simple" />
            <root url="jar:///usr/lib/jvm/openjdk-11-manual-installation/lib/src.zip!/jdk.jshell" type="simple" />
            <root url="jar:///usr/lib/jvm/openjdk-11-manual-installation/lib/src.zip!/jdk.jstatd" type="simple" />
            <root url="jar:///usr/lib/jvm/openjdk-11-manual-installation/lib/src.zip!/java.naming" type="simple" />
            <root url="jar:///usr/lib/jvm/openjdk-11-manual-installation/lib/src.zip!/jdk.editpad" type="simple" />
            <root url="jar:///usr/lib/jvm/openjdk-11-manual-installation/lib/src.zip!/jdk.jartool" type="simple" />
            <root url="jar:///usr/lib/jvm/openjdk-11-manual-installation/lib/src.zip!/jdk.javadoc" type="simple" />
            <root url="jar:///usr/lib/jvm/openjdk-11-manual-installation/lib/src.zip!/jdk.xml.dom" type="simple" />
            <root url="jar:///usr/lib/jvm/openjdk-11-manual-installation/lib/src.zip!/java.desktop" type="simple" />
            <root url="jar:///usr/lib/jvm/openjdk-11-manual-installation/lib/src.zip!/java.logging" type="simple" />
            <root url="jar:///usr/lib/jvm/openjdk-11-manual-installation/lib/src.zip!/jdk.charsets" type="simple" />
            <root url="jar:///usr/lib/jvm/openjdk-11-manual-installation/lib/src.zip!/jdk.compiler" type="simple" />
            <root url="jar:///usr/lib/jvm/openjdk-11-manual-installation/lib/src.zip!/jdk.dynalink" type="simple" />
            <root url="jar:///usr/lib/jvm/openjdk-11-manual-installation/lib/src.zip!/jdk.jconsole" type="simple" />
            <root url="jar:///usr/lib/jvm/openjdk-11-manual-installation/lib/src.zip!/jdk.jsobject" type="simple" />
            <root url="jar:///usr/lib/jvm/openjdk-11-manual-installation/lib/src.zip!/java.compiler" type="simple" />
            <root url="jar:///usr/lib/jvm/openjdk-11-manual-installation/lib/src.zip!/java.net.http" type="simple" />
            <root url="jar:///usr/lib/jvm/openjdk-11-manual-installation/lib/src.zip!/jdk.crypto.ec" type="simple" />
            <root url="jar:///usr/lib/jvm/openjdk-11-manual-installation/lib/src.zip!/java.scripting" type="simple" />
            <root url="jar:///usr/lib/jvm/openjdk-11-manual-installation/lib/src.zip!/jdk.httpserver" type="simple" />
            <root url="jar:///usr/lib/jvm/openjdk-11-manual-installation/lib/src.zip!/jdk.jdwp.agent" type="simple" />
            <root url="jar:///usr/lib/jvm/openjdk-11-manual-installation/lib/src.zip!/jdk.localedata" type="simple" />
            <root url="jar:///usr/lib/jvm/openjdk-11-manual-installation/lib/src.zip!/jdk.management" type="simple" />
            <root url="jar:///usr/lib/jvm/openjdk-11-manual-installation/lib/src.zip!/jdk.naming.dns" type="simple" />
            <root url="jar:///usr/lib/jvm/openjdk-11-manual-installation/lib/src.zip!/jdk.naming.rmi" type="simple" />
            <root url="jar:///usr/lib/jvm/openjdk-11-manual-installation/lib/src.zip!/java.instrument" type="simple" />
            <root url="jar:///usr/lib/jvm/openjdk-11-manual-installation/lib/src.zip!/java.management" type="simple" />
            <root url="jar:///usr/lib/jvm/openjdk-11-manual-installation/lib/src.zip!/java.sql.rowset" type="simple" />
            <root url="jar:///usr/lib/jvm/openjdk-11-manual-installation/lib/src.zip!/java.xml.crypto" type="simple" />
            <root url="jar:///usr/lib/jvm/openjdk-11-manual-installation/lib/src.zip!/jdk.internal.ed" type="simple" />
            <root url="jar:///usr/lib/jvm/openjdk-11-manual-installation/lib/src.zip!/jdk.internal.le" type="simple" />
            <root url="jar:///usr/lib/jvm/openjdk-11-manual-installation/lib/src.zip!/jdk.unsupported" type="simple" />
            <root url="jar:///usr/lib/jvm/openjdk-11-manual-installation/lib/src.zip!/java.smartcardio" type="simple" />
            <root url="jar:///usr/lib/jvm/openjdk-11-manual-installation/lib/src.zip!/jdk.internal.opt" type="simple" />
            <root url="jar:///usr/lib/jvm/openjdk-11-manual-installation/lib/src.zip!/java.datatransfer" type="simple" />
            <root url="jar:///usr/lib/jvm/openjdk-11-manual-installation/lib/src.zip!/jdk.accessibility" type="simple" />
            <root url="jar:///usr/lib/jvm/openjdk-11-manual-installation/lib/src.zip!/jdk.hotspot.agent" type="simple" />
            <root url="jar:///usr/lib/jvm/openjdk-11-manual-installation/lib/src.zip!/jdk.security.auth" type="simple" />
            <root url="jar:///usr/lib/jvm/openjdk-11-manual-installation/lib/src.zip!/jdk.security.jgss" type="simple" />
            <root url="jar:///usr/lib/jvm/openjdk-11-manual-installation/lib/src.zip!/java.security.jgss" type="simple" />
            <root url="jar:///usr/lib/jvm/openjdk-11-manual-installation/lib/src.zip!/java.security.sasl" type="simple" />
            <root url="jar:///usr/lib/jvm/openjdk-11-manual-installation/lib/src.zip!/jdk.internal.vm.ci" type="simple" />
            <root url="jar:///usr/lib/jvm/openjdk-11-manual-installation/lib/src.zip!/jdk.management.jfr" type="simple" />
            <root url="jar:///usr/lib/jvm/openjdk-11-manual-installation/lib/src.zip!/java.management.rmi" type="simple" />
            <root url="jar:///usr/lib/jvm/openjdk-11-manual-installation/lib/src.zip!/java.transaction.xa" type="simple" />
            <root url="jar:///usr/lib/jvm/openjdk-11-manual-installation/lib/src.zip!/jdk.crypto.cryptoki" type="simple" />
            <root url="jar:///usr/lib/jvm/openjdk-11-manual-installation/lib/src.zip!/jdk.internal.jvmstat" type="simple" />
            <root url="jar:///usr/lib/jvm/openjdk-11-manual-installation/lib/src.zip!/jdk.management.agent" type="simple" />
            <root url="jar:///usr/lib/jvm/openjdk-11-manual-installation/lib/src.zip!/jdk.scripting.nashorn" type="simple" />
            <root url="jar:///usr/lib/jvm/openjdk-11-manual-installation/lib/src.zip!/jdk.unsupported.desktop" type="simple" />
            <root url="jar:///usr/lib/jvm/openjdk-11-manual-installation/lib/src.zip!/jdk.internal.vm.compiler" type="simple" />
            <root url="jar:///usr/lib/jvm/openjdk-11-manual-installation/lib/src.zip!/jdk.scripting.nashorn.shell" type="simple" />
            <root url="jar:///usr/lib/jvm/openjdk-11-manual-installation/lib/src.zip!/jdk.internal.vm.compiler.management" type="simple" />
          </root>
        </sourcePath>
      </roots>
      <additional />
    </jdk>
    <jdk version="2">
      <name value="11.0.3" />
      <type value="JavaSDK" />
      <version value="java version &quot;11.0.3&quot;" />
      <homePath value="$APPLICATION_HOME_DIR$/jbr" />
      <roots>
        <annotationsPath>
          <root type="composite">
            <root url="jar://$APPLICATION_HOME_DIR$/plugins/java/lib/jdkAnnotations.jar!/" type="simple" />
          </root>
        </annotationsPath>
        <classPath>
          <root type="composite">
            <root url="jrt:///snap/intellij-idea-ultimate/165/jbr!/java.base" type="simple" />
            <root url="jrt:///snap/intellij-idea-ultimate/165/jbr!/java.compiler" type="simple" />
            <root url="jrt:///snap/intellij-idea-ultimate/165/jbr!/java.datatransfer" type="simple" />
            <root url="jrt:///snap/intellij-idea-ultimate/165/jbr!/java.desktop" type="simple" />
            <root url="jrt:///snap/intellij-idea-ultimate/165/jbr!/java.instrument" type="simple" />
            <root url="jrt:///snap/intellij-idea-ultimate/165/jbr!/java.logging" type="simple" />
            <root url="jrt:///snap/intellij-idea-ultimate/165/jbr!/java.management" type="simple" />
            <root url="jrt:///snap/intellij-idea-ultimate/165/jbr!/java.management.rmi" type="simple" />
            <root url="jrt:///snap/intellij-idea-ultimate/165/jbr!/java.naming" type="simple" />
            <root url="jrt:///snap/intellij-idea-ultimate/165/jbr!/java.net.http" type="simple" />
            <root url="jrt:///snap/intellij-idea-ultimate/165/jbr!/java.prefs" type="simple" />
            <root url="jrt:///snap/intellij-idea-ultimate/165/jbr!/java.rmi" type="simple" />
            <root url="jrt:///snap/intellij-idea-ultimate/165/jbr!/java.scripting" type="simple" />
            <root url="jrt:///snap/intellij-idea-ultimate/165/jbr!/java.se" type="simple" />
            <root url="jrt:///snap/intellij-idea-ultimate/165/jbr!/java.security.jgss" type="simple" />
            <root url="jrt:///snap/intellij-idea-ultimate/165/jbr!/java.security.sasl" type="simple" />
            <root url="jrt:///snap/intellij-idea-ultimate/165/jbr!/java.smartcardio" type="simple" />
            <root url="jrt:///snap/intellij-idea-ultimate/165/jbr!/java.sql" type="simple" />
            <root url="jrt:///snap/intellij-idea-ultimate/165/jbr!/java.sql.rowset" type="simple" />
            <root url="jrt:///snap/intellij-idea-ultimate/165/jbr!/java.transaction.xa" type="simple" />
            <root url="jrt:///snap/intellij-idea-ultimate/165/jbr!/java.xml" type="simple" />
            <root url="jrt:///snap/intellij-idea-ultimate/165/jbr!/java.xml.crypto" type="simple" />
            <root url="jrt:///snap/intellij-idea-ultimate/165/jbr!/javafx.base" type="simple" />
            <root url="jrt:///snap/intellij-idea-ultimate/165/jbr!/javafx.controls" type="simple" />
            <root url="jrt:///snap/intellij-idea-ultimate/165/jbr!/javafx.fxml" type="simple" />
            <root url="jrt:///snap/intellij-idea-ultimate/165/jbr!/javafx.graphics" type="simple" />
            <root url="jrt:///snap/intellij-idea-ultimate/165/jbr!/javafx.media" type="simple" />
            <root url="jrt:///snap/intellij-idea-ultimate/165/jbr!/javafx.swing" type="simple" />
            <root url="jrt:///snap/intellij-idea-ultimate/165/jbr!/javafx.web" type="simple" />
            <root url="jrt:///snap/intellij-idea-ultimate/165/jbr!/jdk.accessibility" type="simple" />
            <root url="jrt:///snap/intellij-idea-ultimate/165/jbr!/jdk.aot" type="simple" />
            <root url="jrt:///snap/intellij-idea-ultimate/165/jbr!/jdk.attach" type="simple" />
            <root url="jrt:///snap/intellij-idea-ultimate/165/jbr!/jdk.charsets" type="simple" />
            <root url="jrt:///snap/intellij-idea-ultimate/165/jbr!/jdk.compiler" type="simple" />
            <root url="jrt:///snap/intellij-idea-ultimate/165/jbr!/jdk.crypto.cryptoki" type="simple" />
            <root url="jrt:///snap/intellij-idea-ultimate/165/jbr!/jdk.crypto.ec" type="simple" />
            <root url="jrt:///snap/intellij-idea-ultimate/165/jbr!/jdk.dynalink" type="simple" />
            <root url="jrt:///snap/intellij-idea-ultimate/165/jbr!/jdk.httpserver" type="simple" />
            <root url="jrt:///snap/intellij-idea-ultimate/165/jbr!/jdk.internal.ed" type="simple" />
            <root url="jrt:///snap/intellij-idea-ultimate/165/jbr!/jdk.internal.jvmstat" type="simple" />
            <root url="jrt:///snap/intellij-idea-ultimate/165/jbr!/jdk.internal.le" type="simple" />
            <root url="jrt:///snap/intellij-idea-ultimate/165/jbr!/jdk.internal.vm.ci" type="simple" />
            <root url="jrt:///snap/intellij-idea-ultimate/165/jbr!/jdk.internal.vm.compiler" type="simple" />
            <root url="jrt:///snap/intellij-idea-ultimate/165/jbr!/jdk.internal.vm.compiler.management" type="simple" />
            <root url="jrt:///snap/intellij-idea-ultimate/165/jbr!/jdk.jdi" type="simple" />
            <root url="jrt:///snap/intellij-idea-ultimate/165/jbr!/jdk.jdwp.agent" type="simple" />
            <root url="jrt:///snap/intellij-idea-ultimate/165/jbr!/jdk.jfr" type="simple" />
            <root url="jrt:///snap/intellij-idea-ultimate/165/jbr!/jdk.jsobject" type="simple" />
            <root url="jrt:///snap/intellij-idea-ultimate/165/jbr!/jdk.localedata" type="simple" />
            <root url="jrt:///snap/intellij-idea-ultimate/165/jbr!/jdk.management" type="simple" />
            <root url="jrt:///snap/intellij-idea-ultimate/165/jbr!/jdk.management.agent" type="simple" />
            <root url="jrt:///snap/intellij-idea-ultimate/165/jbr!/jdk.management.jfr" type="simple" />
            <root url="jrt:///snap/intellij-idea-ultimate/165/jbr!/jdk.naming.dns" type="simple" />
            <root url="jrt:///snap/intellij-idea-ultimate/165/jbr!/jdk.naming.rmi" type="simple" />
            <root url="jrt:///snap/intellij-idea-ultimate/165/jbr!/jdk.net" type="simple" />
            <root url="jrt:///snap/intellij-idea-ultimate/165/jbr!/jdk.pack" type="simple" />
            <root url="jrt:///snap/intellij-idea-ultimate/165/jbr!/jdk.scripting.nashorn" type="simple" />
            <root url="jrt:///snap/intellij-idea-ultimate/165/jbr!/jdk.scripting.nashorn.shell" type="simple" />
            <root url="jrt:///snap/intellij-idea-ultimate/165/jbr!/jdk.sctp" type="simple" />
            <root url="jrt:///snap/intellij-idea-ultimate/165/jbr!/jdk.security.auth" type="simple" />
            <root url="jrt:///snap/intellij-idea-ultimate/165/jbr!/jdk.security.jgss" type="simple" />
            <root url="jrt:///snap/intellij-idea-ultimate/165/jbr!/jdk.unsupported" type="simple" />
            <root url="jrt:///snap/intellij-idea-ultimate/165/jbr!/jdk.xml.dom" type="simple" />
            <root url="jrt:///snap/intellij-idea-ultimate/165/jbr!/jdk.zipfs" type="simple" />
          </root>
        </classPath>
        <javadocPath>
          <root type="composite" />
        </javadocPath>
        <sourcePath>
          <root type="composite" />
        </sourcePath>
      </roots>
      <additional />
    </jdk>
  </component>
</application>